jane@email.com,iamjane,Client
richard@email.com,iamrichard,Client
ricardo@email.com,iamricardo,Client
matthew@email.com,iammatthew,Client
kento@email.com,iamkento,Client
luke@email.com,iamluke,Client
anakin@email.com,iamdarthvader,Client
han@email.com,iamhan,Client
josh@email.com,iamjosh,Client
michael@email.com,iammichael,Client
john@email.com,iamjohn,Administrator
vanessa@email.com,iamvanessa,Administrator
sandy@email.com,iamsandy,Administrator
daniel@email.com,iamdaniel,Administrator
damien@email.com,iamdamien,Administrator